epoch,N1,N2,N3,R,W
0,0.0017707810575318052,0.00016715724637072262,3.208360046873427e-07,9.218198619852052e-05,0.9979695588738944
1,0.0031969508662509248,0.00039196681546601285,3.9977063232172307e-10,0.0010194953528253677,0.9953915865656869
2,0.007460818475121877,9.039228507370185e-05,4.0184049450652967e-07,0.00018178207133742437,0.9922666053279725
3,0.03423921585306032,0.00044118174321875825,2.2696171758953354e-06,0.0005840833109295636,0.9647332494756155
4,0.004437160296210389,0.0003693481893796808,1.2966787269165902e-06,0.00019166038863213195,0.9950005344470509
5,0.050400119641991176,0.0010128610130310874,3.649729207307902e-06,0.0004945287494640797,0.9480888408663063
6,0.008053379750063556,0.002394642393296427,9.116616728563469e-06,0.0007452334466461464,0.9887976277932653
7,0.07037480248699685,0.008348900520462397,1.4458220486977339e-05,0.0028491544998313664,0.9184126842722223
8,0.06529591503907793,0.02829124494243226,6.0799481596511956e-05,0.003006498780649974,0.9033455417562434
9,0.23498003816814467,0.01113974206516974,1.8105681591801405e-05,0.006088186291745295,0.7477739277933486
10,0.7333250851147248,0.029527683967119554,7.469985497275715e-05,0.0046180350142420385,0.23245449604894083
11,0.26440535180373315,0.04698291416707292,0.0004633927620618824,0.0011505636992950692,0.686997777567837
12,0.5680623172067125,0.25727533507279327,0.00048301834593193294,0.005930201612413642,0.1682491277621485
13,0.29730756475196024,0.6648121658385538,0.00329706259629725,0.004884883712725102,0.02969832310046357
14,0.08265487877782776,0.8811139742833891,0.011930238776876703,0.0007031636155358204,0.023597744546370442
15,0.035509161448253064,0.9147675124681615,0.03675539350687434,0.0002718845517045249,0.012696048025006743
16,0.02380213127443494,0.9290940256974023,0.03961175301546724,0.0006733967001313743,0.00681869331256404
17,0.01828239095987782,0.8057544835609652,0.16493069680746633,0.0002899727630655935,0.010742455908625242
18,0.035748342471808345,0.7479119833247282,0.20322909951513998,0.0005503977754676781,0.012560176912855775
19,0.037446398685636546,0.9078307730321938,0.04682065155118522,0.000514972881356317,0.007387203849627975
20,0.0283217144646055,0.6714890903730318,0.2464915324986672,0.001004632069064679,0.05269303059463099
21,0.022672179203753497,0.8199777015636895,0.13695909869122214,0.0005438344079014817,0.019847186133433305
22,0.05077423355289669,0.7513521533451631,0.12579457560566348,0.0016733673937146844,0.07040567010256199
23,0.048763744870188135,0.8259351685446292,0.08206943481866374,0.0015380085082321994,0.04169364325828664
24,0.022680875601468777,0.6282340553238817,0.33239010031287913,0.000568526185176366,0.016126442576594225
25,0.05117197322376979,0.8837312639474412,0.03198151357489309,0.0007805333348089192,0.032334715919087105
26,0.033613975813850616,0.8923140066467521,0.06811459018053118,0.0002785628858165333,0.005678864473049687
27,0.05336098508632052,0.718099944171333,0.21460839539908413,0.0004708709754185061,0.013459804367843763
28,0.08690499432314124,0.8863793383624852,0.009115209757650154,0.0011922590015392386,0.01640819855518433
29,0.04171121673657532,0.8895477142839968,0.0609765077801387,0.0006160345112170714,0.007148526688072164
30,0.026165972674270493,0.9035602826468639,0.06421047946985424,0.0004924103265253801,0.005570854882486059
31,0.051914706076310504,0.8015548308574262,0.1367442668326738,0.00032418722985983156,0.009462009003729512
32,0.028913121482296685,0.7987679535605205,0.16654822987399084,0.0003455726618644706,0.005425122421327586
33,0.0159811728448113,0.7861934054142218,0.17022536638890154,0.00046501513491737593,0.027135040217148115
34,0.027742437823826335,0.704557242075481,0.2560906294878756,0.0005313391297972338,0.011078351483019994
35,0.02346172707795945,0.7049154561231464,0.2608261455907604,0.000536320072609123,0.01026035113552466
36,0.01290472931101988,0.6311641549999422,0.3444584043569954,0.0006209885829082911,0.010851722749134148
37,0.029321117070644828,0.5795472048215203,0.3708317167254698,0.0004796253765375441,0.019820336005827565
38,0.03635324315516976,0.765872129890153,0.189445700113257,0.00027069366399601287,0.008058233177424396
39,0.01829529998395649,0.6416063740951536,0.3347835504825011,0.00016184339613339502,0.005152932042255348
40,0.01987028362480689,0.587650670720125,0.3873114744605389,0.0001965171419552731,0.004971054052573996
41,0.0035556410950537748,0.3243974525413044,0.6693689411331424,5.4860139467862863e-05,0.002623105091031512
42,0.004177672942379744,0.3208863735271786,0.6710427360140847,5.165837465095679e-05,0.003841559141705999
43,0.003657608914726246,0.30925807624541984,0.6838395605117842,5.822305753570106e-05,0.0031865312705340754
44,0.001501622922191506,0.2228080916694338,0.7732967761958651,3.147186201568775e-05,0.0023620373504937855
45,0.002944873806433907,0.22974413139265817,0.7633679804994387,6.173205490221954e-05,0.0038812822465670123
46,0.012535737280160334,0.1731790758654179,0.7992257015625364,8.29746809364497e-05,0.014976510610949111
47,0.004954930038493953,0.2464360948619752,0.7390157617251902,5.480782965961016e-05,0.009538405544680897
48,0.0024853073354182366,0.09213348685987958,0.9026764885228862,2.2261622525143995e-05,0.0026824556592906176
49,0.0026411942311240703,0.0948383405913366,0.899079318614543,2.529342048900664e-05,0.0034158531425073453
50,0.0019085031276699573,0.05966449569497312,0.9352046516354184,1.902334848361989e-05,0.003203326193454732
51,0.004171141070028037,0.1533004785547735,0.8200398161248001,4.655198782297499e-05,0.022442012262575323
52,0.0011794670455488934,0.08466991214573175,0.9117844352916112,1.835307665466647e-05,0.0023478324404534374
53,0.0012512658708537937,0.09946323179368956,0.8949454970664892,2.401632951326022e-05,0.004315988939454232
54,0.0006938070583151919,0.053007455814908885,0.9450501039569781,9.7241349660058e-06,0.0012389090348318018
55,0.0012500624633407418,0.13546351222992692,0.8600809136507537,4.252681622638937e-05,0.003162984839752493
56,0.0008370868231495315,0.10153041013365999,0.8957299655614147,2.6295499106536077e-05,0.0018762419826692457
57,0.0006236928405890947,0.06191928360011487,0.9359605438825143,2.1163343468510032e-05,0.0014753163333131112
58,0.001351068000199905,0.12899130878195578,0.8657960847890854,0.00014531376595655515,0.0037162246628023167
59,0.0009552859337359717,0.1044816282892321,0.8906048805270037,0.00015419368710763704,0.0038040115629205747
60,0.00637842557081699,0.1929895012447118,0.7856133227787145,0.000598180981385553,0.014420569424371067
61,0.12028736825523513,0.24274563067165897,0.41694738488811806,0.003007642177542435,0.21701197400744546
62,0.05478757833056708,0.16009859369449142,0.06696733347382854,0.002943099951731631,0.7152033945493813
63,0.2721384447724119,0.029348754261211092,9.85974401852032e-05,0.007458147068838604,0.6909560564573533
64,0.6977223662832899,0.11013397766893876,5.3460565703465e-05,0.006509001427266494,0.18558119405480134
65,0.5993825229548841,0.07819825214672205,6.474254805731996e-05,0.006432850104446748,0.31592163224588976
66,0.44755028547518527,0.019736201021316294,1.1963417074658093e-05,0.006444385287172849,0.5262571647992509
67,0.023653013495104677,0.009667435744871907,0.002568391558017141,0.0013652018698803263,0.962745957332126
68,0.009761818061324564,0.006908512364926707,0.00017750484644823885,0.0012537394618265772,0.981898425265474
69,0.008922966339772817,0.006007786081190961,0.0012771093716804568,0.001661825414485689,0.9821303127928701
70,0.005320511713252195,0.0010205542913439172,6.581913977281674e-05,0.00012835699524795026,0.9934647578603832
71,0.013381267914793424,0.004147368418932502,9.58842617903952e-05,0.0004282157393353311,0.9819472636651484
72,0.019941879106054772,0.004407561108676613,0.0008552629994323233,0.0002204178827843091,0.9745748789030518
73,0.018149023953878234,0.004103831865970834,0.0010039192564520385,5.705247928500302e-05,0.9766861724444138
74,0.13227080612427744,0.024362012044545488,0.0002790345210323841,0.0020698642267776147,0.841018283083367
75,0.03818286780323315,0.003911775770896319,0.00042977325707074164,0.0003020754248167897,0.9571735077439829
76,0.08536624584431807,0.034669092017188714,0.0029341375319255473,0.0007807617584669897,0.8762497628481006
77,0.037712374349380066,0.00733418028090264,0.0020653010959889007,0.0005685458065974097,0.952319598467131
78,0.02573043115996479,0.012481720701010345,0.001001732318137574,0.0006279917980586077,0.9601581240228287
79,0.25195350436404784,0.00622865677836614,2.2289021377445305e-05,0.0021273109823459627,0.7396682388538626
80,0.09194266292492001,0.03666556414540933,0.001401262260959064,0.004577070421100256,0.8654134402476114
81,0.16070411212647592,0.03968776908171209,0.00022739507420739595,0.012915059286209618,0.786465664431395
82,0.0058477009639689905,0.0014521805112586138,4.093922864410415e-05,0.0001399482897988499,0.9925192310063294
83,0.014286523643606408,0.000839307463538054,4.702231032262594e-06,0.0002731933831398266,0.9845962732786835
84,0.5448695766389494,0.007320642659992476,5.499468677355136e-05,0.0014824535799367916,0.4462723324343479
85,0.6032802932531625,0.005009305763218318,0.00010577370578503459,0.0011779042016145437,0.3904267230762196
86,0.43866759509721154,0.3875775113095422,0.00048292014760691976,0.005327737519788653,0.16794423592585062
87,0.30114569510304134,0.5508456472648644,0.0019897730305948385,0.020542254808220164,0.12547662979327928
88,0.4912106483374317,0.3244904955121784,0.00018767330337845315,0.09023463678029477,0.09387654606671679
89,0.6592026974585397,0.15935210568745248,0.00017537204725617334,0.06464859394097923,0.11662123086577254
90,0.3609939456964906,0.5662137247861418,0.0024178093298651256,0.02538241159306604,0.04499210859443623
91,0.2191821223348844,0.7514318359141419,0.0028089807360305993,0.0024654231536535543,0.02411163786128951
92,0.39141297037505285,0.5381853785318224,0.0007134611010491743,0.02503214746927308,0.04465604252280264
93,0.17211794115573964,0.7497750527051493,0.0011735188363129283,0.06320099039917415,0.013732496903624006
94,0.14290160273052405,0.8168493580047077,0.010746470402000944,0.014691131395955086,0.014811437466812303
95,0.05706371762003676,0.9258460518394704,0.0059768150573339986,0.003963664814108532,0.007149750669050283
96,0.06728856916754193,0.9182968187932641,0.006187700867455157,0.0029630867335035697,0.005263824438235534
97,0.10250787781654416,0.8693176505522131,0.007813856958807586,0.004354667269879246,0.016005947402555818
98,0.06856014303078904,0.921792615946044,0.002726670161547326,0.0033994828993292293,0.0035210879622903576
99,0.02093446562412018,0.9481608109243161,0.02614515226301679,0.0016303249624194467,0.003129246226127669
100,0.08962046892933308,0.8675129801603244,0.03107635015355098,0.0034683382866629014,0.008321862470128847
101,0.1049701742963491,0.8763116713526784,0.0066236589796415555,0.006082208138604803,0.006012287232726155
102,0.026247240950295753,0.8589074549224406,0.11119794818525906,0.0008323544597971528,0.0028150014822072556
103,0.016871661951945213,0.880106777265471,0.09999108270981417,0.0008620874965616681,0.002168390576208155
104,0.012474470477404737,0.7887803251383939,0.19567123549606208,0.0006777908434897672,0.002396178044649559
105,0.04248406700436857,0.9122522857781927,0.035980618436115115,0.0013842427874136102,0.007898785993909821
106,0.016292670111708086,0.8508514920165045,0.12967105667559772,0.0008094821815233975,0.0023752990146662235
107,0.003788543291015228,0.7125675659843076,0.282043385286335,0.00028173449814037396,0.0013187709402019152
108,0.0035013758230030578,0.6201134805966814,0.37491220921656787,0.0002120091510065013,0.0012609252127410988
109,0.0011219172267202674,0.4642182460605968,0.5334535732397266,9.148149140524339e-05,0.001114781981550967
110,0.0020886649478816105,0.3557642344767403,0.6407573718763067,0.00012871132451832098,0.0012610173745530044
111,0.001839902951144572,0.42998519357351056,0.5663657568359285,0.00010249629870165356,0.001706650340714798
112,0.0025965333569187878,0.18282504809218758,0.8122943083212605,9.798292321738816e-05,0.0021861273064157005
113,0.002048093543853088,0.17600589211866421,0.8207229225731291,4.196858283146537e-05,0.0011811231815221685
114,0.001478811556185808,0.2346786938837898,0.7626370802162648,5.558706721882745e-05,0.0011498272765409312
115,0.0016178675031205774,0.151268668331188,0.8456043850694963,4.36148347584172e-05,0.001465464261436653
116,0.0013749231679684177,0.1866319090903844,0.8105570653367766,3.4210741706440345e-05,0.001401891663164017
117,0.0010733823458370256,0.14667724835353102,0.8514008090865014,2.7298921356974874e-05,0.0008212612927735727
118,0.0009303716544713575,0.12498817686348832,0.8731288388966351,2.56929980113294e-05,0.000926919587394015
119,0.0008631228424850511,0.089369756221071,0.9091724783700948,2.667724241829091e-05,0.0005679653239307321
120,0.000458914906156368,0.06279618924780943,0.9362067766748042,1.3637997185015642e-05,0.0005244811740447522
121,0.0008538023231122815,0.08410076091392753,0.9142112825666726,3.0035227356907626e-05,0.0008041189689308126
122,0.00044795415893332286,0.050016730041118986,0.9489950361834862,1.3778458241566572e-05,0.0005265011582199101
123,0.0005675839566297942,0.052480555105785524,0.946364136089492,1.7393733069889928e-05,0.0005703311150229129
124,0.0006651224618502388,0.053644736614813344,0.9448428430839165,2.9408590936916683e-05,0.0008178892484830519
125,0.00043127632511174386,0.05821625651532267,0.9407840729627549,2.0514682601462872e-05,0.0005478795142091693
126,0.00021274321020112234,0.03375766630094227,0.9657127454479245,1.2263945818433145e-05,0.000304581095113679
127,0.00026476400120826164,0.03150690987409085,0.9677861419562465,2.069384415385416e-05,0.0004214903243006891
128,0.00025004194486433884,0.03823933198761892,0.9610767166745563,2.3295061234527123e-05,0.0004106143317257864
129,6.911058144342706e-05,0.025679313663697235,0.9740612733116756,8.299209885151852e-06,0.0001820032332986665
130,0.0004484642943733994,0.05201103023591732,0.9468827383325641,3.18286459348129e-05,0.0006259384912103207
131,0.00013889536800592921,0.020976849407762305,0.9785562492859933,2.16949324194459e-05,0.0003063110058189791
132,0.0001370969267986459,0.04140845795456867,0.9581512816503346,2.192893007439464e-05,0.00028123453822380065
133,0.0003450850819044778,0.03081352271088141,0.9682610446149365,2.723504693150962e-05,0.0005531125453462174
134,0.0005542292650229072,0.03965084921752309,0.9588174439596685,5.637640106958417e-05,0.0009211011567160077
135,0.0004067987645219219,0.026399959107329046,0.9726774041288816,3.539539913647862e-05,0.00048044260013106223
136,0.00021390879346828913,0.018696164947886295,0.9806273806419944,2.8426281649567704e-05,0.0004341193350015386
137,0.0001996998795819593,0.016922732361451268,0.9824137841649916,2.5507224622205135e-05,0.0004382763693530938
138,0.0003656329604435859,0.04311973510321838,0.9557186058625434,4.77495329658719e-05,0.000748276540828682
139,0.0003544259096657994,0.03437118120813128,0.964356876995941,3.8648737510702425e-05,0.0008788671487513432
140,0.0004519602641341633,0.03801465997565869,0.9604996522876403,5.06268539747309e-05,0.0009831006185921421
141,0.00509662638969732,0.10468820051953247,0.845805540572454,0.00036021612048079093,0.04404941639783541
142,0.027325610269859506,0.12566229058805667,0.5217042975038487,0.0009555986377958732,0.3243522030004391
143,0.05181984159446776,0.11209861790913248,0.8049743984753698,0.00028595959616215807,0.030821182424867807
144,0.011823778515853443,0.0963453577838459,0.8825846159677938,0.00025406464191266346,0.008992183090594342
145,0.005510013597468529,0.07996231535509132,0.9075958244694445,0.00016148650947301197,0.006770360068522594
146,0.0010032256629990293,0.04163205813955682,0.9564617831134149,4.525842801831505e-05,0.0008576746560107379
147,0.000599268377397313,0.04979131300626025,0.9487749888025974,5.593795158874183e-05,0.0007784918621562555
148,0.00022702536925240987,0.02108884010183961,0.9783259452927776,2.8649164236737745e-05,0.00032954007189343486
149,0.0006437738917680607,0.0457151253978994,0.9528155455352777,3.455799428902214e-05,0.0007909971807659343
150,0.00042018608538602656,0.02832320025075844,0.9698412980496035,7.291538185734643e-05,0.001342400232394768
151,0.0005655642122503823,0.03454030259984324,0.9643816922209942,4.666171578427177e-05,0.00046577925112782837
152,0.0005294046449499956,0.03280740819850692,0.9657886910401763,9.587167133506401e-05,0.000778624445031772
153,0.0002100736763034871,0.038222916876072495,0.9610358034892448,4.414968100361422e-05,0.0004870562773756114
154,0.0035346335956777494,0.09564614648023932,0.8870431347867981,0.0003489004655785373,0.0134271846717062
155,0.0109738741318464,0.05775497381102114,0.9190214538074478,0.00018238711216179594,0.012067311137522999
156,0.002150158278561034,0.06330754782682751,0.9322481286077173,0.00011348654397052301,0.002180678742923584
157,0.0014560085972148596,0.048070446157378106,0.9487357771785487,9.356781705109153e-05,0.0016442002498072879
158,0.001074029418409135,0.0544265230103603,0.9433715701088968,8.905238078732276e-05,0.0010388250815464139
159,0.00020198645539203888,0.041220824579082486,0.9582406905736046,4.420347674803105e-05,0.00029229491517288546
160,0.0008428042670768867,0.05855311777944652,0.9401227604220962,6.061275277781184e-05,0.00042070477860255677
161,0.0009387500824031801,0.054018965790776134,0.9442347773879338,0.00015522412723735808,0.0006522826116494406
162,0.00036126088714408543,0.03837498939747598,0.9608123540216212,5.4638624517306014e-05,0.0003967570692413135
163,0.00017932917185844367,0.03158128972783499,0.9676837742053284,5.99971671622593e-05,0.0004956097278159186
164,0.00015024290318397303,0.04400308462278678,0.9554655605356122,5.1575318507829025e-05,0.000329536619909272
165,0.00010851684554301802,0.023228120797324312,0.9764528213348391,3.388239077633311e-05,0.00017665863151738044
166,0.0003199006322580538,0.05355571281511261,0.945627798666559,0.00011967621353796487,0.0003769116725322585
167,0.0006066000400004389,0.05744571494536453,0.9412841505058178,0.00018585280696243648,0.00047768170185494047
168,0.0004190473072596935,0.078919234350262,0.9201344369650734,0.00010774924879200582,0.0004195321286130495
169,0.0001979438877888358,0.054014109604866134,0.9453745058843973,7.307298956574793e-05,0.0003403676333819511
170,0.00039682662385201597,0.11095484971874588,0.8878625486393762,0.00015425158048171754,0.0006315234375440415
171,0.0005185112162076984,0.10528480164840032,0.8934826314747876,0.00016656045551694592,0.0005474952050876345
172,0.0008685321125221741,0.10338344524633507,0.8948640852806815,0.00021781266522334107,0.0006661246952381175
173,0.0017047317476165092,0.23921683716055522,0.7567811848531918,0.0004585278421025294,0.0018387183965340097
174,0.0011841743472392591,0.12478874312125016,0.872580469558983,0.00030404434165575523,0.00114256863087169
175,0.002886652596524161,0.1512819107714532,0.8442565194376146,0.0004526875329220694,0.0011222296614858455
176,0.0021551824440580723,0.2529013022085928,0.7428700537235519,0.0006478593848207118,0.0014256022389767466
177,0.0007282894395986212,0.13308861938266206,0.8652061551110746,0.00028621612073536165,0.0006907199459292627
178,0.0024143162735826697,0.3232407149980877,0.6725372639330347,0.0005467572668715407,0.001260947528423421
179,0.0005053287598963329,0.10817816768399736,0.8907724929664772,0.00012965003466734078,0.00041436055496156234
180,0.0008446242495297488,0.10835019039828053,0.8897322688797621,0.00026472687121752034,0.0008081896012100734
181,0.0005994277452637896,0.07392985924918226,0.9247121830501916,0.00018620232638569923,0.0005723276289764888
182,0.0006345143759227057,0.0423792084536251,0.9561679199388816,0.00023853370238134528,0.0005798235291891033
183,0.00033291451370626006,0.03981927284930533,0.9589018374851019,0.00015343414190218665,0.0007925410099844722
184,0.0005589485888949804,0.0431303713068219,0.9553922682234437,0.00015797964897693958,0.0007604322318623728
185,0.0005952663443092188,0.04908419476024337,0.9491965844572645,0.0002190751688875826,0.0009048792692953639
186,0.0006828635364543227,0.0922531036727093,0.9057034912554216,0.00031993872142261216,0.0010406028139921754
187,0.001350132558479943,0.10575588025073476,0.8893188084621235,0.0010474611724089124,0.0025277175562530185
188,0.0009652714365202085,0.12016065223425325,0.8759228493214464,0.0009592005938725324,0.001992026413907596
189,0.0013845258039375827,0.09401445288183662,0.9013542769387993,0.00110326662859184,0.0021434777468346926
190,0.006724676983289212,0.12361624620870738,0.8186424457668887,0.0009827947665739859,0.050033836274540784
191,0.05890741729760326,0.12326247585031666,0.050123821104761296,0.0030446851571249212,0.7646616005901938
192,0.2160361069696817,0.3578598314596745,0.0039256016401075615,0.0055890497507167574,0.4165894101798194
193,0.36387019395931597,0.38823276815646995,0.011598180566627687,0.0030371241173245338,0.23326173320026197
194,0.1931264781152307,0.7447406000418373,0.000686846846882721,0.0023071807249926647,0.05913889427105658
195,0.1616829912600374,0.7545714125858829,0.002356911906890499,0.00393189268649432,0.07745679156069485
196,0.09152980053212814,0.8855785588447855,0.004568720810008254,0.0030238085249207716,0.015299111288157202
197,0.08041827465170294,0.9060067516928629,0.002223059292190821,0.0022550936167561693,0.009096820746487206
198,0.027507080198341208,0.9508796775292891,0.013258924676816877,0.0022162167284079863,0.006138100867144722
199,0.02527764125738413,0.9286737517763916,0.03700248707338727,0.005932032672130484,0.003114087220706572
200,0.012084915715689641,0.9388063048666752,0.04433649238322137,0.0017911989947902503,0.002981088039623412
201,0.018326372042061008,0.7170427844402141,0.259283068162272,0.0020738031969571753,0.003273972158495685
202,0.017965564492692338,0.6057571164050339,0.367956554852991,0.002941911351480953,0.005378852897801753
203,0.12647810320353273,0.8389320636340045,0.00962198690967394,0.014346325344192975,0.010621520908595602
204,0.04810200218504415,0.8570721224110468,0.07998104720315569,0.002430727101091414,0.012414101099661994
205,0.08062715043119689,0.903795226700691,0.007601735321976426,0.004371403385490181,0.0036044841606456394
206,0.03154110570048074,0.9297924831287467,0.03237542363654996,0.0027053319306019844,0.0035856556036204974
207,0.00829500718803314,0.8492347988013115,0.1388492065913293,0.0016979717052266602,0.0019230157140995568
208,0.02999634810971385,0.873433241532577,0.07889997095748949,0.010101837401760837,0.007568601998458766
209,0.029013834864412284,0.904183520857981,0.052377067204110145,0.009741701664838034,0.004683875408658443
210,0.020628477433151503,0.8777388963122764,0.08292867928115562,0.014402476722200588,0.0043014702512156056
211,0.1329450731338166,0.4814534945499406,0.0008130400738236072,0.3625057507586576,0.022282641483761603
212,0.1150515080146589,0.4751382840694669,0.0014423581824745506,0.36706789026449527,0.04129995946890427
213,0.20098861843640042,0.24963068153442275,0.0006712347128378346,0.48764097805957074,0.061068487256768306
214,0.11828583684565287,0.3388017260854199,0.0005329887443860905,0.5210835371699182,0.021295911154622937
215,0.1018604078033162,0.37450767810215607,0.0029953608450094212,0.31128183501039347,0.20935471823912494
216,0.11130019530949918,0.1665248867752513,0.0006147590541478059,0.6786563773489991,0.042903781512102585
217,0.09055647841750272,0.16279254779067778,0.0005078270280485774,0.6909622885683784,0.0551808581953926
218,0.12249932867097098,0.2566421328926936,0.0009981653240034227,0.4121736433410193,0.20768672977131272
219,0.1257076155835077,0.3996952152228809,0.0010633762963948856,0.371288653217104,0.10224513968011249
220,0.10222323305087397,0.19424571945023703,0.0004366166883100082,0.6562937864305483,0.0468006443800306
221,0.08819078590268861,0.14302368139809474,0.0001690763246116741,0.7470340160026958,0.021582440371909005
222,0.08078234680741196,0.44654252352886603,0.0017555323100401632,0.3372431527762789,0.13367644457740296
223,0.05169623133782256,0.3666515386162092,0.001573982891963409,0.48426922957413177,0.09580901757987305
224,0.08672310787781062,0.12564025344783195,0.00034433156170718307,0.7442189796671131,0.043073327445537074
225,0.06946107862903866,0.048524300328220686,0.00020284288948009446,0.8333476287878672,0.04846414936539337
226,0.05341801168298016,0.05077614790444086,0.00012163847712685295,0.8775610922420597,0.01812310969339248
227,0.0930693295068406,0.09522194418067824,0.000247080500797637,0.7591967954032492,0.052264850408434184
228,0.08461452255947342,0.1966165343062933,0.0007500889925392619,0.5346619579049376,0.1833568962367563
229,0.08424024664772178,0.203792701535539,0.0003488968716186465,0.6861184586260091,0.025499696319111576
230,0.162643804469132,0.23850815306353068,0.00028849728372053315,0.42486463521513435,0.1736949099684824
231,0.30392367262532616,0.12556150325809826,0.0003914414551544735,0.3389971754831271,0.23112620717829413
232,0.5130592351656162,0.16042800706065713,0.0003193252214858107,0.2901601746151865,0.036033257937054246
233,0.29777591809013854,0.23340933778094594,0.00029677107263377213,0.4437752063644026,0.02474276669187936
234,0.24485658151149736,0.14287509427311282,0.00028624182083797166,0.5774162086302671,0.03456587376428472
235,0.1279023059480577,0.14236299816379125,0.00024792975777801355,0.6939721447341523,0.03551462139622088
236,0.11919255725462302,0.21963464407316594,0.0007099542310372835,0.6180178723117018,0.04244497212947214
237,0.1598906384913473,0.10846518317010402,0.0001743086801240517,0.6833000366271154,0.04816983303130939
238,0.09233655694947661,0.13390078348239207,0.0022561578291427358,0.19658264621412544,0.5749238555248631
239,0.08963416382332351,0.2984848732631992,0.0042441141643393444,0.24150655169621218,0.3661302970529258
240,0.06777447312897304,0.09271173006681929,0.0024446716743824564,0.10902146605971583,0.7280476590701095
241,0.25041876028960486,0.2525117101680426,0.0011195696047570337,0.20212338833848184,0.29382657159911374
242,0.4609619678406106,0.2708749889671875,0.0008903106472527683,0.22623849911706131,0.04103423342788779
243,0.3769411322545549,0.4874044605311724,0.001006823887914877,0.10827456628890479,0.02637301703745301
244,0.22368779284707171,0.47340229783458265,0.00227334971951208,0.23145282776895806,0.06918373182987536
245,0.14604406175299087,0.25530329133363155,0.0006439570666402143,0.5504635129820679,0.04754517686466943
246,0.040654493689274616,0.29393342300825376,0.00034087374049986276,0.655018452520448,0.010052757041523731
247,0.08463875224325824,0.19753218103082154,0.0004451469942564586,0.6960993852963023,0.02128453443536147
248,0.09942979418103387,0.3384611444976847,0.001863725467846603,0.28800620646482494,0.2722391293886099
249,0.10402929569003151,0.2648469025997902,0.0006250242419843882,0.5983276647904495,0.03217111267774441
250,0.17780557034975977,0.2181086760568953,0.00039713670829478185,0.5848514982714704,0.01883711861357957
251,0.17143626273121032,0.4595898449764798,0.0014555734385213175,0.344531809575358,0.022986509278430597
252,0.15727528796311563,0.19371496249671352,0.0002933621723643547,0.632345188211043,0.0163711991567635
253,0.2091043377238068,0.39799923356477984,0.0009639512662413809,0.37304970957863576,0.018882767866536445
254,0.2112913994431221,0.2637300226345496,0.0006478956577455971,0.5083347515917084,0.01599593067287423
255,0.21249706047216213,0.6673143067766815,0.0022935707275752214,0.10765225358016894,0.010242808443412162
256,0.24098567980525243,0.6365853793038844,0.0016603342626571572,0.10869277778389311,0.012075828844312986
257,0.22568640514152907,0.6858268067210318,0.0014222405125418548,0.07700084323651209,0.010063704388385242
258,0.35242982667300954,0.5342455529180551,0.005351636174924886,0.07929816273049888,0.02867482150351145
259,0.3714338210705744,0.5116081420992726,0.0007865837832362551,0.10926674723529381,0.006904705811622914
260,0.13394340364692003,0.85046884405066,0.003314288954202551,0.008022960615946186,0.004250502732271209
261,0.11785192585652797,0.8418843805948871,0.012479358094844982,0.004229746448181221,0.023554589005558537
262,0.4235996412279821,0.46118563060630763,0.008373907778851714,0.013436687116861907,0.09340413326999678
263,0.11046903358693042,0.871108979120818,0.0015872850473141545,0.0049498849057393835,0.011884817339197927
264,0.1613382513958285,0.8070955339880478,0.0027759945471437773,0.005487873099154253,0.023302346969825645
265,0.2623413561902136,0.6812430272497232,0.021587305768430966,0.00614879839590047,0.02867951239573162
266,0.0933190566327832,0.8899100591621668,0.007825584795242334,0.0031491676081986364,0.005796131801609038
267,0.12981430349540096,0.8396606895520998,0.017847729262754783,0.004254940497114774,0.008422337192629688
268,0.03159558222173275,0.9028890447793719,0.056058449384210424,0.002408639511307235,0.007048284103377782
269,0.045683157335267024,0.935737946280404,0.010693471382824076,0.00376690800165674,0.004118516999848239
270,0.06944695469751137,0.8862256467068339,0.031055842851887314,0.006003558929581887,0.007267996814185391
271,0.04100817249866487,0.8535795687040175,0.09458837272814526,0.006648718893527403,0.004175167175645092
272,0.05312658673065442,0.9137285354260793,0.022640473492912188,0.0066980094591580115,0.003806394891196063
273,0.0724073466400616,0.8793138878794934,0.03810452368995005,0.005189779034509724,0.0049844627559851445
274,0.04120993542739542,0.8827351002430206,0.06731316889304324,0.0036135797777523226,0.0051282156587884155
275,0.033327777848193,0.8829127888695056,0.07570366718529585,0.003234242613973008,0.004821523483032514
276,0.04616852925949458,0.8674509085070987,0.07904669299939136,0.002127884806976463,0.005205984427038745
277,0.013238298130414747,0.8083465975919221,0.17422755639426715,0.0011390939104349335,0.003048453972960903
278,0.03574222445263023,0.8282719068930208,0.09452117695401642,0.0025705479793668887,0.038894143720965696
279,0.12753804825825493,0.6687867148304976,0.12526655879457022,0.003364250877924749,0.07504442723875264
280,0.05243673525447388,0.7208363070334616,0.21853947117628758,0.0016729484330458657,0.006514538102731002
281,0.061865537658524226,0.7276950374273817,0.2025821463740708,0.0016048802508009778,0.006252398289222235
282,0.03829950503837844,0.7226903029177559,0.23412786338561095,0.0015327625120738454,0.0033495661461809285
283,0.021324666603470804,0.5963148339303198,0.377435028210024,0.0009312383593917273,0.003994232896793741
284,0.015443783307627182,0.6298005053018736,0.35201807801347196,0.0008041137284838103,0.0019335196485435972
285,0.013619730876317054,0.6187925568313217,0.36152873379348205,0.0010911385702444053,0.004967839928634803
286,0.01574531515355524,0.5277939079633504,0.4471856705068901,0.0015170582890682931,0.007758048087136034
287,0.012018010323838483,0.3914181031622301,0.5926918097854144,0.000503066183501737,0.0033690105450154165
288,0.014356269452912448,0.46889805082680386,0.5050295105437536,0.002003091624350014,0.00971307755218016
289,0.016881540703960713,0.6854937178864905,0.27979063111641056,0.00208635492077863,0.015747755372359677
290,0.030643694653731287,0.5610277340382338,0.378549172085144,0.0051760167710333494,0.02460338245185755
291,0.013996048037246583,0.4435675686733369,0.5369124419137268,0.001169279545011543,0.004354661830678081
292,0.015928036894218806,0.4164574361320583,0.5504746855439913,0.0020309328816461446,0.015108908548085534
293,0.014109736489567475,0.40584225026817405,0.5731294898114974,0.0014197866768787416,0.005498736753882411
294,0.006751728620170312,0.31568166081172194,0.6730617780103052,0.0007759991662403378,0.003728833391562219
295,0.016446096779278708,0.42482539897111904,0.5495748620257476,0.0014825762797233506,0.007671065944131393
296,0.009723316647194042,0.46873361397421504,0.5013157000385046,0.0008838205085486105,0.019343548831537726
297,0.021058194308285465,0.5762293712864315,0.3936506737939976,0.0012482288516945839,0.00781353175959104
298,0.0041580250825978505,0.6430472681846349,0.3510196224881669,0.00031246456841794215,0.0014626196761823881
299,0.014380030485586394,0.504890714439704,0.4760081141267396,0.0006279752021896899,0.004093165745780324
300,0.008225691766173437,0.51244271316514,0.4745820092252593,0.0007834870586571136,0.003966098784770071
301,0.008099942680227649,0.5515920862051324,0.43518863253788875,0.0007846010785822858,0.004334737498168916
302,0.0039046608841451246,0.34803400125356765,0.6432346690692763,0.0007822762541967413,0.004044392538814282
303,0.0018438092693761942,0.48533446326672786,0.5109322305501469,0.0005013002070066823,0.001388196706742264
304,0.005676559302251792,0.2338765142094499,0.7566910909649172,0.0008280655537936592,0.0029277699695876482
305,0.00264985816237963,0.25615168912777697,0.7380638008496796,0.000651294805725351,0.002483357054438551
306,0.0028027361623676637,0.1860896494327758,0.8086456897554386,0.0005652176780082619,0.0018967069714096684
307,0.0014067743293896301,0.2156897995165326,0.7806384426767983,0.0006962260692618127,0.0015687574080177204
308,0.0031661802711598916,0.22462096855155597,0.7705752102861363,0.00045843535760168805,0.001179205533546216
309,0.0015088185029184633,0.24538090410558266,0.7505889462651903,0.0005868907696012069,0.001934440356707189
310,0.0025390506856175503,0.2874273496214483,0.7073230238914312,0.0006527555370822483,0.0020578202644209536
311,0.002777889584510526,0.27796370151100225,0.7172559370574023,0.000600793534510982,0.0014016783125738945
312,0.0035625820774838886,0.30663982600680356,0.6871083795872424,0.0010030228411093535,0.001686189487360838
313,0.0009636443722296031,0.21866332016733359,0.7791078140130863,0.0004265837854603802,0.0008386376618901242
314,0.0010311915462165235,0.15202254143860466,0.845163124002568,0.0005240173115768777,0.0012591257010339493
315,0.001143340156072239,0.11250013320622504,0.8843831527563696,0.0008892436122615876,0.0010841302690715517
316,0.0018305441548746373,0.17271181148429643,0.8232273147076719,0.0008594052301899702,0.0013709244229670253
317,0.0032487054808205034,0.21354896000524515,0.7802264694015563,0.001175974996835409,0.0017998901155427444
318,0.001267718003127169,0.15205991241539452,0.8451613044630325,0.0005339181918714213,0.0009771469265745002
319,0.0007688964109007338,0.1451458780983186,0.8527598438139871,0.0005071879995508885,0.0008181936772427325
320,0.0046382881467760435,0.20903226043704107,0.783235816935937,0.0014535106073392747,0.0016401238729065186
321,0.003569430186579691,0.23517358485834441,0.7573766294564828,0.0017414046574752242,0.0021389508411180846
322,0.0008938020261915276,0.1484291527651589,0.8498266152048417,0.0003214813673107048,0.0005289486364970315
323,0.0006355942609305338,0.11309237912729836,0.885361140819387,0.00035900133362549525,0.0005518844587586145
324,0.001374775321867082,0.14439541036584602,0.8525281865201463,0.0006232671707786949,0.0010783606213618506
325,0.0032268235490782045,0.1688084150352351,0.8252514929345262,0.001157732465751786,0.0015555360154088798
326,0.0008231961954074296,0.17131468965919874,0.8266791787064834,0.0002950871149343566,0.000887848323976097
327,0.0005051571316167264,0.16170600498042118,0.836714657534979,0.00028230732860625904,0.0007918730243770052
328,0.0018796336978397956,0.19938918218453708,0.7970528048329877,0.0004983576664915491,0.0011800216181439137
329,0.0019316477669757712,0.1611766870438266,0.8342654747503121,0.000866826493664909,0.0017593639452207438
330,0.0028567155095699337,0.15080406349099926,0.8396365700270928,0.001993346596664506,0.004709304375673462
331,0.001721831872575976,0.17487831177896107,0.8193158153467341,0.002146222906148188,0.0019378180955805712
332,0.0026950926341485944,0.10496122960342666,0.8847928405832829,0.003336016886356774,0.0042148202927849475
333,0.009299326004334724,0.09875532698085077,0.7373137269127785,0.011539487741524268,0.14309213236051171
334,0.053416786177214376,0.1267623508942916,0.010735055801249168,0.011442318602326161,0.7976434885249187
335,0.04646664273696655,0.0912573298475549,0.0029382903971383384,0.01198982419992905,0.8473479128184112
336,0.1485191152951791,0.1260572945812836,0.000996593615345083,0.03413762629081092,0.6902893702173813
337,0.23674137146948337,0.5068250296995263,0.0011415931426495163,0.029270130449536497,0.22602187523880435
338,0.3479714290986429,0.4419141210030306,0.0008153617011830733,0.04348582355562869,0.16581326464151472
339,0.0458844907532592,0.06849164176541384,0.0009594008920166678,0.015618465509820727,0.8690460010794896
340,0.13821898259187038,0.1672723682831557,0.00014911137669947937,0.055254132676336595,0.6391054050719378
341,0.08305190716922217,0.24458243322047124,0.0016584231395041279,0.10054594524952934,0.570161291221273
342,0.21277082634689817,0.38928673981782225,0.0002625388989613113,0.11248652349324761,0.28519337144307066
343,0.08551589993115094,0.32991482461046373,0.0008651548946103482,0.27388010986513067,0.3098240106986443
344,0.08621068012607548,0.5603128610997812,0.001129770569279978,0.21312340037513058,0.13922328782973287
345,0.07073136080943858,0.09263104648511775,0.00013041076239183883,0.07166065217223964,0.7648465297708121
346,0.16010242775015995,0.5102392953047227,0.000527038092144436,0.1605449217487914,0.16858631710418157
347,0.030811080784990324,0.8796913449628913,0.0005969405703783628,0.036900725684300015,0.05199990799744007
348,0.052530790303270694,0.07980527260471135,0.0005161753190470804,0.04817567318705616,0.8189720885859147
349,0.02461443460881385,0.019873489538007345,0.00011820050669748955,0.018406526918391033,0.9369873484280903
350,0.1574032091496932,0.010817958742432666,2.8857455066862826e-05,0.017517756048131,0.8142322186046762
351,0.6521939461304295,0.022283620981428328,5.094994292975159e-05,0.018786076109197466,0.306685406836015
352,0.7179071762048771,0.09586174794732209,0.000517571010276621,0.018408727626964324,0.16730477721055975
353,0.624953377083763,0.12614796545601667,0.00035239763165534913,0.10496092567954726,0.14358533414901783
354,0.41384522361103876,0.2812611013330507,0.0006195458118328698,0.2548735905035304,0.04940053874054719
355,0.16592227894066613,0.5758632503474163,0.001073920355406532,0.19560153088752857,0.061539019468982555
356,0.40344953010160867,0.37395916966699944,0.0005898099172461663,0.1470860121327898,0.07491547818135595
357,0.4224220410285704,0.44836764980833177,0.000335658468421983,0.10730297799189675,0.02157167270277913
358,0.024357713793181537,0.9584267577921387,0.0004419360072330608,0.014539993445219035,0.0022335989622277925
359,0.1859204624697347,0.7725173283734634,0.0003157969259327951,0.03004396472714111,0.01120244750372808
360,0.06223099432420178,0.9135114334721914,0.0005234085836678816,0.01920324322535837,0.004530920394580408
361,0.06701009514023933,0.8980507639937733,0.0017593244611821797,0.026156538593980677,0.007023277810824689
362,0.15541053122160342,0.771091767986347,0.0009059879297773159,0.026709493984612885,0.04588221887765953
363,0.16448568503036107,0.6489292371900773,0.00446587735332002,0.04236889761120299,0.1397503028150387
364,0.4104805348755434,0.4824299190154847,0.00021357214326147067,0.08436564257786718,0.02251033138784312
365,0.0503740235046234,0.924759819285217,0.0010625954261416495,0.016216179389090105,0.007587382394927927
366,0.1115625496449654,0.8290746026427911,0.0052970664531882304,0.04382218903537255,0.010243592223682645
367,0.09404181420398487,0.5703459328295514,0.0014985894098692805,0.329957474144593,0.004156189412001531
368,0.04111489575409546,0.7502842159016673,0.029923374320830608,0.1687102955220309,0.009967218501375828
369,0.03746786558037689,0.05899668427001227,0.00020178595209017111,0.8988718159159405,0.004461848281580234
370,0.047792498518981694,0.07831967599879264,0.00022695581422754076,0.8673206205123579,0.006340249155640211
371,0.024236574766706178,0.08908213469867446,0.0004526829456152985,0.8704849600040913,0.015743647584912902
372,0.028422584010044955,0.022601463371004035,9.81018316639748e-05,0.9439822371121657,0.0048956136751214276
373,0.019601918219532742,0.018325484120246992,7.745125416549536e-05,0.9567782380175643,0.005216908388490323
374,0.017389916156641635,0.012213868188332111,2.2925860609281137e-05,0.9628455647951446,0.007527724999272257
375,0.027972596862963488,0.03000217983274236,0.00010216586964365668,0.935548660086766,0.006374397347884564
376,0.03421751480049902,0.02166756710704171,0.0001028093278239804,0.9360420959736253,0.007970012791010082
377,0.03640260567092523,0.025785747532447858,0.00012014087384925822,0.925996363681348,0.011695142241429674
378,0.038515036221860165,0.05104162852523843,0.00020165376779220337,0.9017778573306658,0.008463824154443349
379,0.039249386044844486,0.028344835345430596,0.000112472396106242,0.9283250327517771,0.003968273461841601
380,0.029114131120788915,0.03660902450580612,0.00015851178633652846,0.9299337345018224,0.004184598085245955
381,0.0293282576909082,0.02400128080110381,0.0001188450976853468,0.9408110118141829,0.005740604596119675
382,0.04256573483040944,0.03013533607804734,0.00012214776460544693,0.9210466989524834,0.006130082374454438
383,0.04324675615435503,0.03803154073985388,0.00016466313328506084,0.9096725010794597,0.008884538893046403
384,0.03431123749553382,0.032359898565223984,7.745928667207743e-05,0.9269109425347185,0.0063404621178517655
385,0.03363257139959752,0.04087991709256719,0.00012769837846327914,0.9212410968018688,0.004118716327503224
386,0.035153166412367966,0.030654507822984862,0.0001086555934480855,0.9273238075917665,0.006759862579432535
387,0.056138043400815,0.03162646512837929,6.017242567144194e-05,0.9083144978849671,0.003860821160167376
388,0.08989488958512196,0.0414392325943768,8.43889521154487e-05,0.8593197576150037,0.009261731253382014
389,0.17263691304623907,0.2644720164226197,0.0002770176848958494,0.5315169320603741,0.031097120785871277
390,0.257653358226911,0.07139885993467415,9.087273044327746e-05,0.6510053123909142,0.019851596717057357
391,0.2884017075552423,0.10124011243118201,8.932532247142909e-05,0.5911581285924848,0.01911072609861937
392,0.4622861284448109,0.06360324604956598,0.00015250420652259338,0.4560336687786293,0.017924452520471347
393,0.13669486621152716,0.3400513158635917,0.0010302933530017462,0.4712489052689352,0.0509746193029443
394,0.12798991103894558,0.08826429748004364,0.0003289360040989675,0.7669171345723772,0.016499720904534644
395,0.08056331320748851,0.07667753863646186,0.0001881158261011338,0.8330390630818774,0.009531969248071127
396,0.06355394337058815,0.07405466514994744,0.00019641363667963248,0.8555843226780212,0.006610655164763548
397,0.12235151869542911,0.049501966519516584,9.132670615738506e-05,0.8092234935924981,0.018831694486398896
398,0.07462493477594906,0.06688317332203507,0.0001305819372786152,0.8464671941584407,0.011894115806296441
399,0.05378950742288479,0.10659649649828154,0.00015384241193053003,0.8241261031378214,0.015334050529081648
400,0.06170577338447052,0.23572661752463014,0.000620130874028738,0.6319444354078081,0.07000304280906237
401,0.0913805718375509,0.11840501052865028,0.0001719411881489687,0.7650815670204447,0.024960909425205166
402,0.09089139084796634,0.202891847755965,0.00021650334813936258,0.6894348350442481,0.0165654230036812
403,0.049746597469993686,0.11678863091262154,0.011012454016942902,0.03956037304868777,0.7828919445517541
404,0.4788605361721595,0.1842190641114351,0.000283656269186667,0.1816704401301102,0.1549663033171086
405,0.631663270530248,0.132563253995337,0.0003764416124703603,0.1479624053807732,0.08743462848117134
406,0.7239650084654055,0.13055916134920834,0.00019653398430836635,0.09233744861292895,0.052941847588149016
407,0.15694260334272736,0.7391197100724346,0.0010192185191910303,0.06745198150234495,0.035466486563302015
408,0.21240562129192767,0.4848122477392693,0.0018885488106510162,0.2013976381246885,0.0994959440334635
409,0.06833579451165124,0.8203576230708913,0.0010644692052826162,0.09950982928348794,0.010732283928686697
410,0.20998788786283365,0.34899494702164113,0.0005118297559076972,0.42150498486455407,0.019000350495063347
411,0.11274812769326999,0.6956274628070179,0.002135473784474213,0.09527231183448669,0.09421662388075128
412,0.22955759904663997,0.4219141335616565,0.0003110002066450134,0.30506483995173844,0.043152427233319995
413,0.08192805396917406,0.7778954706372125,0.0011978632690296124,0.09702031558466946,0.041958296539914425
414,0.07784684290294547,0.7682917494844722,0.0009729211574672952,0.11629204358509275,0.03659644287002224
415,0.07853502094659377,0.597095593782788,0.0022585278518941505,0.19794191969738015,0.12416893772134405
416,0.11120502545807383,0.02936232261444601,2.409870026811627e-05,0.10290632907329397,0.7565022241539181
417,0.009450560110966058,0.0035026649833491018,2.4698966396264854e-05,0.004527573075643464,0.982494502863645
418,0.35153327643014765,0.00568320528521587,1.4294790487469758e-05,0.006956686128905771,0.6358125373652431
419,0.8024531510683995,0.05983321286576578,3.263908904027495e-05,0.007888368404944678,0.1297926285718497
420,0.8911243591534582,0.05737896736425136,6.748572287288935e-05,0.008893729478464073,0.04253545828095358
421,0.192562398378582,0.6505306123327617,0.002479237513511358,0.023124556386962872,0.1313031953881821
422,0.1386615436282746,0.7513699887817383,0.001316952058710642,0.06955119523233827,0.039100320298938174
423,0.22695067755904239,0.6542722660105912,0.0010952204915224781,0.09093531566422786,0.0267465202746162
424,0.12145949871067462,0.7592968815019701,0.00036549083552926963,0.10415683534493378,0.014721293606892298
425,0.049727265308441015,0.9258242721010582,0.0009046114552492674,0.01483781727696783,0.008706033858283804
426,0.4787774690881409,0.4499666689764293,0.00036220617925108154,0.04139559216626631,0.029498063589912627
427,0.09749305774437277,0.8838640880585955,0.003926731533073392,0.0088261712765863,0.005889951387372041
428,0.1656559567672273,0.7823180189657388,0.0014321497962639675,0.03990350474702272,0.010690369723747374
429,0.10134935981472877,0.8792018180580675,0.002126635205416997,0.012864521910594506,0.004457665011192004
430,0.047060740380833264,0.9412171904707319,0.0007285378699963271,0.008490306268942455,0.002503225009496105
431,0.038997140540720426,0.9465425332375003,0.0023507725970476024,0.009144697556212123,0.00296485606851953
432,0.024440545396537387,0.9555562764666807,0.009139981502155026,0.006237592894441276,0.0046256037401857155
433,0.01997287612982554,0.9714090184575608,0.0017628387885549861,0.003903692200381773,0.002951574423676756
434,0.030256378326564488,0.9587115071858676,0.0008383737655827005,0.007090325519221721,0.00310341520276365
435,0.06221879126426369,0.9001668196838654,0.0013555606901569568,0.025812532039646757,0.010446296322067132
436,0.026476405857765117,0.9558468315087135,0.004597665395034979,0.007020210996420401,0.006058886242065818
437,0.029916736142330484,0.919229257362687,0.0054064682348615185,0.008673929918569667,0.036773608341551245
438,0.11753256522781476,0.15555130117206964,0.0009216447863798301,0.01607626421981983,0.7099182245939158
439,0.6312363339956909,0.21895001311382828,0.00023110131728888483,0.04223904533702656,0.10734350623616543
440,0.1791304404872196,0.7443969000464703,0.002626390643600696,0.007347847810870252,0.06649842101183935
441,0.42472646213712073,0.48226952134963025,0.000884470783551548,0.013859440492471217,0.0782601052372263
442,0.4104209838060874,0.5130518951709018,0.0006884972215483854,0.028166110048117716,0.04767251375334473
443,0.18876372621207121,0.7727751200961224,0.0009196000638986172,0.017552980181631324,0.01998857344627645
444,0.08243245915723336,0.8830403011852558,0.006964890599896307,0.009297561361011512,0.018264787696602964
445,0.019389297199794035,0.9733312903149646,0.002059026612284154,0.0026247301653782094,0.00259565570757892
446,0.048989390562829194,0.9377682119001767,0.0024315512867715775,0.006764395361025314,0.004046450889197345
447,0.07878939223993141,0.8865013751833738,0.010363083670322217,0.013337254069193222,0.011008894837179548
448,0.09894767869699274,0.8812016949744237,0.0010986953900925253,0.007843849953657049,0.010908080984833963
449,0.013118692655849709,0.9735712413623697,0.008787118609128659,0.0007493918210065243,0.0037735555516453067
450,0.026581571343066757,0.9637016121193251,0.00502404437936543,0.0014060239522922717,0.003286748205950423
451,0.07994552796104096,0.9079353771746681,0.002565211962889533,0.004252891930419387,0.0053009909709820086
452,0.01987148688521323,0.9686888032220433,0.00622458142124215,0.0019264347016836145,0.003288693769817575
453,0.03188619547108738,0.9505549101744443,0.005876409692465242,0.007437286032155004,0.004245198629848252
454,0.030830580490655256,0.9445924827908435,0.011316001174257807,0.007258984396911593,0.00600195114733172
455,0.013791362288306127,0.9393156024604893,0.03344400530314467,0.005528480314162096,0.007920549633897479
456,0.042600434975947295,0.08302040018068779,0.013336997609829204,0.007304517465064942,0.8537376497684708
457,0.5522989060664892,0.15010770234686374,0.00034331037524290526,0.02286943534219574,0.27438064586920846
458,0.5796314134831586,0.24032974334340598,0.0010388880836157877,0.009933917613750457,0.1690660374760691
459,0.3146116640178793,0.5884296927887893,0.004704343586475801,0.006162120477757357,0.08609217912909817
460,0.24540030365563578,0.7243537520851152,0.001278872382698234,0.005930708863916379,0.023036363012634373
461,0.34547117957611057,0.6221796075917182,0.0006681614527529636,0.011747102700874814,0.019933948678543534
462,0.044132327667072854,0.9483717967854393,0.0009510750111706804,0.0024739891266460914,0.004070811409671198
463,0.08767967061979173,0.9039695073998338,0.0023421740228345327,0.0024291639642717937,0.003579483993268383
464,0.08823847757454777,0.8906726351440795,0.011772795713677536,0.0014209845512965977,0.007895107016398418
465,0.05643824590041141,0.9198098733037927,0.007006163087038127,0.010898721857567566,0.005846995851190251
466,0.011474940357329065,0.9414916133774764,0.039664037338057415,0.0044162485304027835,0.002953160396734106
467,0.023567354460023466,0.9443542090440038,0.021846329658317915,0.003811287533691385,0.006420819303963518
468,0.021394398640990842,0.8761444741446514,0.08850210964645798,0.005128264397576951,0.008830753170322935
469,0.0244018887422047,0.9536957983751428,0.010101472399896248,0.007232859824927967,0.00456798065782817
470,0.019937624223562444,0.9290121826374705,0.04244328522850869,0.0035688891659777745,0.005038018744480374
471,0.019420668688807645,0.7445430081215415,0.22126199804428986,0.007344701254991667,0.00742962389036938
472,0.01825854584809142,0.9241555037864643,0.04569725100040639,0.006731076061432747,0.005157623303605116
473,0.04205297647232687,0.9270252942487935,0.016781083835255964,0.007654686302437863,0.006485959141185764
474,0.006478768089741892,0.7790653768551635,0.20970564757668664,0.002338141210968399,0.0024120662674395575
475,0.025639551417186376,0.801329367904806,0.16426517584939065,0.004161930343813403,0.00460397448480342
476,0.015859697977545058,0.9728209348908622,0.006339091243191695,0.003099180766311213,0.0018810951220896704
477,0.01848286711921742,0.9403646223107904,0.034253295753641014,0.0038188465018353566,0.0030803683145157585
478,0.018299936823756607,0.6431044740453438,0.32961809443972945,0.002667382257674751,0.006310112433495423
479,0.03097152157077569,0.9047618617269241,0.05456901211321101,0.004572052471905241,0.005125552117183955
480,0.010278829426475343,0.938385345279883,0.047239676967047416,0.001976632951844599,0.0021195153747495797
481,0.02188593330174196,0.6658899566838041,0.30506301058624985,0.003267869761105719,0.003893229667098184
482,0.005457210139479894,0.7576873228998402,0.23360138761193294,0.001406708762750866,0.0018473705859962304
483,0.010826665590031169,0.8206286000340133,0.1630428915025068,0.0030045784414793,0.0024972644319693053
484,0.007520095041042923,0.8055434324194085,0.18067874488330293,0.002835395242661788,0.003422332413583935
485,0.004363349038239129,0.6251277983360418,0.3672625891476289,0.0012985960048455514,0.0019476674732446227
486,0.02765309282442279,0.8062826606049527,0.15658004457347852,0.0054540496368076265,0.004030152360338489
487,0.006902957312473375,0.5641557607527311,0.4262020993375926,0.001018898692340321,0.0017202839048624818
488,0.012784158599451248,0.7848351454766226,0.19642319931883306,0.003752666470199863,0.002204830134893174
489,0.00829543642460975,0.6245965770095404,0.3633721864290524,0.0018639338135881987,0.0018718663232092365
490,0.0032417127060652257,0.6605066262195644,0.33344590154994447,0.001096174555907716,0.001709584968518337
491,0.00699633474281916,0.65359057543732,0.3366352992934238,0.0012706610565591428,0.001507129469877845
492,0.017124470207322908,0.6777934513870502,0.3004831724922462,0.0010521442806900438,0.003546761632690849
493,0.01240900798449193,0.7030731822046264,0.2814452685566005,0.0010265870634702944,0.0020459541908108584
494,0.011340485951668467,0.5321795865665843,0.4509610468220278,0.0015445726163529217,0.003974308043366552
495,0.005435853479122171,0.6653817582551356,0.3271255323155046,0.0004546467888645523,0.001602209161373195
496,0.0020297637689265075,0.49272710859419594,0.5039493415805596,0.00018129575028663945,0.0011124903060311952
497,0.0014020370954116368,0.32555312497794947,0.6715965107650325,0.00026432926247721574,0.0011839978991292587
498,0.0027288762586886325,0.3934223870490101,0.6022263673166975,0.00026477579057229076,0.0013575935850313882
499,0.0029550848210132836,0.4334515302384508,0.5607572382804162,0.0008026964638633045,0.0020334501962564343
500,0.0040078301904926715,0.3240277769811492,0.6678385141913447,0.001136291153860472,0.0029895874831528347
501,0.004805927688090867,0.4555077977791497,0.534540102894065,0.0012023072816927925,0.003943864357001826
502,0.002346666432047129,0.3294753504993246,0.6655028411437709,0.0007758634056401713,0.0018992785192173886
503,0.008206427138099825,0.48237545750304284,0.5037185348045136,0.002033311565172803,0.00366626898917096
504,0.006997853977616251,0.47950274049730074,0.5077139427040285,0.0011762894390626593,0.004609173381991757
505,0.0035927742844907296,0.46996692952563063,0.5241209676252095,0.0005299569879398799,0.0017893715767291474
506,0.002854776581324812,0.34185656002845016,0.6533969521990668,0.0003852143164020216,0.0015064968747562654
507,0.0019076829651295812,0.2786952993521893,0.7168915533810216,0.0005176677613377989,0.001987796540321814
508,0.0016416735823739754,0.2929707562924425,0.7033749023537484,0.0004839916368416616,0.001528676134593486
509,0.002576247852050082,0.25487701176247335,0.7399086064794288,0.000636842236145439,0.002001291669902475
510,0.003062521339705637,0.1979450837156575,0.7972746015705043,0.0004649185724235217,0.0012528748017090411
511,0.00106426063097297,0.1823912777905826,0.8150873150097265,0.00026697643984564123,0.001190170128872252
512,0.0018914461805243908,0.1794862837125306,0.816494289246251,0.0005811285703674991,0.001546852290326471
513,0.001027801151955563,0.1938336695846672,0.802753368467441,0.0007468257328192395,0.0016383350631170022
514,0.004781877311606311,0.2304891800608004,0.7620747553965489,0.0004829475480516703,0.002171239682992741
515,0.003263876746508469,0.17399952196901436,0.8203663495381787,0.0005622093522809629,0.00180804239401753
516,0.001017723579379332,0.14951050728328347,0.8481930465063774,0.00022349673669220236,0.001055225894267683
517,0.0018194820180801147,0.16766849483552163,0.8285865868347531,0.0003424084020984133,0.0015830279095467245
518,0.0012144132054616157,0.1305685024511698,0.8666960281376425,0.0002834037486094991,0.0012376524571165624
519,0.001471727701862674,0.1457133079435959,0.8513592744974423,0.0002991097506182174,0.0011565801064808226
520,0.0023084255763623123,0.1849415191048114,0.8103798659193602,0.0003980397910718906,0.0019721496083941674
521,0.002925064702716341,0.2181331234905018,0.7746007931810763,0.0007304731403100619,0.0036105454853954826
522,0.0024235727420107,0.17614001090443207,0.8189884280823307,0.0003393743021136606,0.002108613969112797
523,0.003191087455142643,0.20481806977193392,0.789828002367025,0.0003911374239975506,0.0017717029819008397
524,0.0017216278879763282,0.14395342260886995,0.8528331959382249,0.00014238394403141835,0.0013493696208973145
525,0.001207209514218222,0.12685766853256433,0.870410497701285,0.00017602987025751397,0.0013485943816752021
526,0.0028426501986675715,0.15799786231359372,0.8362893355088025,0.00031948069817505344,0.002550671280761234
527,0.0014544345804227822,0.1868678805606845,0.8082386572130704,0.0004485462445756071,0.002990481401246695
528,0.0015118870162358596,0.1781217290739094,0.8184473228876423,0.0003222060037622149,0.0015968550184503193
529,0.0007523083704920168,0.20108804782936585,0.7966831407986458,0.00015437608416140003,0.0013221269173349936
530,0.0013286270490451462,0.21541475947958788,0.7815551498182844,0.0003164698251749202,0.0013849938279077328
531,0.0013305817215491635,0.22397660902456448,0.7726441549811366,0.0003198857062915747,0.001728768566458109
532,0.002734155211142345,0.24703606152817134,0.7464349799187081,0.0008107634054310342,0.002984039936547168
533,0.0014407940163075233,0.2096261969054633,0.7865389881164754,0.0003754058827984821,0.0020186150789553298
534,0.000572691127006059,0.13313157351721885,0.8653999776867376,0.00016326145752593022,0.0007324962115115314
535,0.0012227427515644905,0.11595382016167852,0.8807501033093322,0.0003210588714820788,0.0017522749059425656
536,0.0030098670462556107,0.14974674298885995,0.8441715222574383,0.001055404709105723,0.0020164629983404686
537,0.00035980154501212455,0.08694522749028001,0.9119905730095351,0.00019542916830518712,0.0005089687868675712
538,0.0012994797843355783,0.12448121784621816,0.8714191080884555,0.0011019282650727752,0.0016982660159181183
539,0.001942286251669365,0.1372725315159689,0.8590435607146881,0.00045822883726734744,0.0012833926804062
540,0.009098043918756899,0.41319832336224455,0.5723480049913374,0.001540448019071389,0.0038151797085897205
541,0.0016195918979768308,0.18386044855677652,0.8124127306296856,0.0004104570792558567,0.0016967718363053233
542,0.0014319735179230805,0.16344363072292695,0.8334129120750177,0.0004137767298478466,0.001297706954284433
543,0.0004921575463177569,0.13503334117827637,0.8635255976144065,0.00016975129199897537,0.0007791523690003773
544,0.0013738034362535843,0.25280917363282535,0.7434826676063424,0.0006079151113885623,0.001726440213190047
545,0.0012687951625171034,0.1638830784320272,0.8331735283201507,0.0004701273257181469,0.0012044707595869897
546,0.007120869703689618,0.2874168073564042,0.7000029004557592,0.0020482278646111927,0.003411194619535931
547,0.010173146709257378,0.31918597996877063,0.6630254882016008,0.00393307281515426,0.0036823123052169312
548,0.007166536325784353,0.23010966796224797,0.7484957305947636,0.008627958721586995,0.005600106395617013
549,0.010965531366115753,0.21972864985838167,0.7371110803779961,0.02157810308722276,0.010616635310283904
550,0.014400360175973317,0.2425562395956213,0.6865714990829727,0.031198478205732794,0.025273422939699898
551,0.02030939446114658,0.03155619232079736,0.00389687569237407,0.012033651467339056,0.932203886058343
552,0.2636214850702788,0.17131846307109316,0.0007938051920333702,0.06344225563078294,0.5008239910358117
553,0.37231056566872117,0.20406296514883057,0.0005801406287088097,0.03881727126819544,0.384229057285544
554,0.23805153188724532,0.2576566701422169,0.0004302113286239052,0.020470725318744092,0.4833908613231697
555,0.36064148401374163,0.14931426976032883,0.00022401450256376727,0.09200418154898628,0.3978160501743794
556,0.1167784593204259,0.03306805061514402,9.870141207233131e-05,0.021194451823100053,0.8288603368292577
557,0.05807072162311269,0.017624533817433185,5.229073829851576e-05,0.010934267817096189,0.9133181860040593
558,0.2446155109776204,0.026705857095553034,7.343908905468382e-05,0.028402276178042533,0.7002029166597294
559,0.006446800912290582,0.0022490580544420502,5.544250399565645e-05,0.0015877253742868983,0.9896609731549849
560,0.013792743829059172,0.00155297585207524,1.4569762073855717e-05,0.0012602036979235474,0.9833795068588682
561,0.044615033919211164,0.00879706353951257,0.00031650606853487237,0.007717245785074559,0.9385541506876669
562,0.02313329824608158,0.0008570674342908733,7.5927403272636115e-06,0.001438295107648412,0.9745637464716518
563,0.4379593699134381,0.006822125564383723,3.8326885770156636e-05,0.011964647676066505,0.5432155299603415
564,0.5191673800726775,0.01995851324920093,6.26469076221082e-05,0.02494521880437532,0.4358662409661242
565,0.015862693518241624,0.007216278982015221,5.489569508307359e-06,0.004425182278313596,0.9724903556519213
566,0.037184007807652554,0.0022295526417787205,2.5652134136911423e-06,0.0037698133831376743,0.9568140609540174
567,0.5067189735163461,0.015963736939906978,4.1780202188318954e-05,0.06592523678081688,0.41135027256074175
568,0.4598437459318169,0.011113391621523227,2.165378087722112e-05,0.04307799199968386,0.48594321666609885
569,0.7728280732761179,0.02628944655129864,0.00011469059237798861,0.08966419224537753,0.11110359733482807
570,0.4133211038431298,0.0463451420910065,7.449094870312939e-05,0.3821191460487492,0.15814011706841147
571,0.5076104302512081,0.11341294867504706,0.00010281735658365692,0.3212113576256166,0.05766244609154469
572,0.28225731206669874,0.04218090808336699,6.85955616548801e-05,0.5927008603073455,0.08279232398093389
573,0.11497523003731273,0.16530777513852968,0.00022704732132052796,0.47350609745489564,0.24598385004794138
574,0.18831169103679107,0.07660993580147633,0.00014916598463319658,0.7031628668821346,0.03176634029496475
575,0.14209721009201365,0.2625107399734085,0.00026530307000003224,0.5247897669877138,0.07033697987686399
576,0.07283492956668454,0.11082941214561004,0.00020449918118934542,0.7513751167247398,0.06475604238177633
577,0.042812807547841794,0.07004772591087309,0.00020120373882823753,0.858180279608939,0.028757983193517907
578,0.03885739503130356,0.061179672466944,0.00014074144239042277,0.8808505488360161,0.01897164222334594
579,0.05462127429904723,0.1116969819678688,0.0002621555643372023,0.8001221090894209,0.033297479079325724
580,0.0679678198899068,0.0814700986306451,0.0003527099122049054,0.8303518867070445,0.019857484860198792
581,0.05968411184028946,0.1474070908509642,0.0007909650344179772,0.7705733864327797,0.021544445841548607
582,0.05218518047862411,0.06218249463248767,0.0002901283466632136,0.8708093024991236,0.014532894043101468
583,0.0399727101036524,0.04363875376190247,0.0001674659045397221,0.9088449874576451,0.007376082772260351
584,0.04513595360027003,0.04309257319322606,0.00021031963360581204,0.9040519457165833,0.007509207856314805
585,0.03770500242073366,0.05019402774152069,0.00019597925624766782,0.9058057954883294,0.0060991950931684824
586,0.04274966477732207,0.022474314631178813,9.764376010372519e-05,0.9268295691021892,0.007848807729206066
587,0.041801847388610994,0.03358194804239838,0.00011775182856407924,0.9157955908548053,0.00870286188562122
588,0.05805109285814007,0.04852873788693728,0.00010567374266551275,0.8846414874959799,0.008673008016277128
589,0.051716399243307606,0.030123180675941184,4.315406890204176e-05,0.9118595435718994,0.006257722439949711
590,0.06361256758462884,0.03634403086245821,7.65281189608014e-05,0.8880334407249993,0.011933432708952835
591,0.08229572948200486,0.04779964307769101,0.00016969508985715612,0.854936912995355,0.014798019355091993
592,0.053276208029514605,0.06044473146512533,0.0002526649313331659,0.8714820783765012,0.014544317197525846
593,0.043305265273870804,0.03683612705667289,0.00017034909895609235,0.9090855244895683,0.010602734080931901
594,0.045173337000764036,0.03717402228788812,0.00021280981748931225,0.9084495131386715,0.008990317755187216
595,0.06199037607436837,0.04787641788817836,0.00017591027913037183,0.8780602686837606,0.011897027074562276
596,0.037354958869737775,0.05904933455988389,0.0001158347509903349,0.895799818126636,0.007680053692751936
597,0.022798174830247136,0.02043225133896219,6.701076669923273e-05,0.9502774837307146,0.006425079333376837
598,0.043820793439594864,0.016728427507405393,7.030935005820559e-05,0.9286537948229713,0.010726674879970054
599,0.041670798134119204,0.02983241739822136,5.006682573532324e-05,0.9204052417009824,0.008041475940941872
600,0.09641209731614368,0.04143812459694904,6.858808071334485e-05,0.8333600700222813,0.028721119983912632
601,0.11590231587220573,0.05615867945183578,0.00013824275539197573,0.8104509897400614,0.017349772180505173
602,0.20274911039910862,0.043867041976064475,0.0001020069275641433,0.7351158451664072,0.018165995530855666
603,0.2530615977445168,0.04788742522663219,6.113239540081446e-05,0.6874381374031956,0.011551707230254666
604,0.11269118251997776,0.080319378447074,9.347518979849167e-05,0.7960237311356915,0.010872232707458266
605,0.08067349764063615,0.08822569562103212,0.000214689633279823,0.8182090366461947,0.01267708045885716
606,0.06171717851372717,0.03239494510008364,0.00010131235005211941,0.8957641585541476,0.010022405481989561
607,0.0593423451672208,0.024184547238733114,5.080499575908659e-05,0.9067778347159658,0.009644467882321189
608,0.09585270562002242,0.04129420446794323,4.424624314114135e-05,0.8440041358408827,0.01880470782801047
609,0.24331940012088826,0.05449898822335852,9.499412203992568e-05,0.682533581193129,0.019553036340584303
610,0.36881102104634755,0.056230159324258525,0.0001144849203583214,0.5495552684582062,0.02528906625082934
611,0.10354970896376045,0.19394466834126617,0.0003392541522374321,0.6639205786602317,0.0382457898825043
612,0.1024149977109503,0.04747286792593294,0.00015635648589874793,0.8319024812757077,0.018053296601510525
613,0.12671767092058572,0.09407965257890664,0.00022538583467126105,0.7643926240232196,0.014584666642616814
614,0.12791986503004074,0.07434562477035034,0.0003373750545909932,0.7690430892316095,0.028354045913408548
615,0.09585379980761571,0.09388897355567737,0.0004079611024650393,0.7715651461433314,0.03828411939091046
616,0.1432366747493646,0.08999493001603266,0.0002487733682934776,0.7480033907303554,0.018516231135953822
617,0.1491309865741154,0.2201383555603447,0.0006637348123319696,0.5884063922159923,0.04166053083721562
618,0.1122112738960947,0.18846262579823564,0.0002571089100622523,0.19388124632254192,0.5051877450730654
619,0.32574537413107596,0.2501838601072408,0.00020183821675340868,0.30730219476607307,0.1165667327788566
620,0.4724887943720427,0.21158788489649055,0.00019613287533407328,0.23079794771790876,0.08492924013822378
621,0.473608711454054,0.04029714593652162,3.714494679102676e-05,0.13295296334793746,0.353104034314696
622,0.2718735833122617,0.14297331262599156,9.440727799794569e-05,0.2568582543271581,0.32820044245659075
623,0.21553089438186515,0.09828015727973775,3.5901322347129926e-05,0.1546927050887692,0.5314603419272808
624,0.030706646020743838,0.007367870977811481,5.201815995015185e-05,0.020270519951391956,0.9416029448901027
625,0.22789148918399801,0.015352816081673205,2.276025545498501e-05,0.0355644106672863,0.7211685238115875
626,0.12292527272230612,0.031261309876639325,7.576407972985145e-05,0.07285775001439392,0.7728799033069308
627,0.15237770915914728,0.00974952994606901,8.797137228929054e-06,0.02088152036525732,0.8169824433922975
628,0.016873789599611527,0.001953877274851677,1.0424570873325427e-05,0.009487526501855314,0.9716743820528082
629,0.24069314601576836,0.0026836495540574884,6.428894741969066e-06,0.03501826740796788,0.7215985081274642
630,0.6137736095395763,0.005636721948357592,1.715504824181174e-05,0.04409147648505885,0.33648103697876564
631,0.4109349919736397,0.026239550186516847,2.4690844023475333e-05,0.047765685788604795,0.5150350812072152
632,0.28162499750981657,0.2283788336489794,0.00011420970943678634,0.2350393384877363,0.254842620644031
633,0.3758564804701116,0.02217970680045421,1.1895516058350082e-05,0.15601187637735486,0.445940040836021
634,0.4939283499362982,0.10808839160132247,0.0001118963123578514,0.22232270503087154,0.17554865711914983
635,0.6172380077513537,0.025231211059496543,2.7115943312958233e-05,0.22637419960978175,0.13112946563605501
636,0.7360338849710033,0.03957312676820699,0.00010665987062468999,0.1218022808997423,0.10248404749042266
637,0.11265042916529633,0.20127892608756523,0.0011787174591468149,0.10704815138995566,0.5778437758980359
638,0.07541684507397478,0.025203859189938622,8.145040952202079e-05,0.10267881731035439,0.7966190280162101
639,0.7335914470484514,0.029113251701708778,1.2496792694174553e-05,0.1317063359626054,0.1055764684945403
640,0.7545907531260065,0.05236675048834433,1.4015917975905394e-05,0.10079374963558511,0.09223473083208818
641,0.6702860860840479,0.12523630828085083,7.404643409888382e-05,0.10317915485716504,0.10122440434383714
642,0.7005809187560463,0.09382952969255398,1.4042642776900989e-05,0.17205424672726735,0.033521262181355475
643,0.23266843607516238,0.6631733659060854,0.0003617559099144155,0.056177657727130785,0.04761878438170694
644,0.536546565782239,0.24282157284991637,6.41086822704003e-05,0.17393168648398777,0.04663606620158636
645,0.2052990285004447,0.6408784223226236,0.00031268215473694954,0.13365097673486295,0.019858890287331704
646,0.26089206115975166,0.45168844901124455,0.0004890480649145607,0.2690355535390607,0.01789488822502852
647,0.26235940334967556,0.4738394720183595,0.00033584255618068125,0.2419455517131076,0.02151973036267664
648,0.14177560434372022,0.6701274033640326,0.0003029892420394047,0.1743120943547671,0.013481908695440676
649,0.14448012666676185,0.6393738653955148,0.0016768129218884711,0.19372859444502902,0.020740600570805914
650,0.30091358656337747,0.43720458002310464,0.00017857306611769317,0.22488622280903223,0.03681703753836786
651,0.35816781969403083,0.36897863125981967,0.00017693445342576307,0.2555938668249348,0.017082747767789026
652,0.2117079401019912,0.5651014528990892,0.0005144597218874377,0.20375698662581207,0.01891916065122002
653,0.4993417239016247,0.3013743991354468,0.00011909810473871368,0.1418571949555524,0.05730758390263746
654,0.2572487742991631,0.6713970168741398,0.000306348066958388,0.061940250512902015,0.009107610246836782
655,0.05071516913465716,0.9138467096160372,0.0014053182550639541,0.028169843747888088,0.005862959246353602
656,0.10178387370052537,0.7628308980484815,0.0009977983368584836,0.12105341885566825,0.01333401105846645
657,0.013009871588728763,0.9591526202924002,0.0011249019842693954,0.020256726059281215,0.006455880075320575
658,0.07557451623673318,0.7959183050363917,0.0004264780423069163,0.11878786206881624,0.009292838615752022
659,0.13655242885990024,0.7319803656446432,0.0018565890474671232,0.10939134928860557,0.020219267159383866
